Authors,Title,Year,Source title,Volume,Issue,Art. No.,Page start,Page end,Page count,Cited by,DOI,Link,Document Type,Source,EID
"Marcucci, A., Kypreos, S., Panos, E.","The road to achieving the long-term Paris targets: energy transition and the role of direct air capture",2017,"Climatic Change","144","2",,"181","193",,,10.1007/s10584-017-2051-8,"https://www.scopus.com/inward/record.uri?eid=2-s2.0-85027839992&doi=10.1007%2fs10584-017-2051-8&partnerID=40&md5=6ed3cc0b2a0d3783f6b434148321ea25",Article,Scopus,2-s2.0-85027839992
"Deng, H., Bielicki, J.M., Oppenheimer, M., Fitts, J.P., Peters, C.A.","Leakage risks of geologic CO<inf>2</inf> storage and the impacts on the global energy system and climate change mitigation",2017,"Climatic Change","144","2",,"151","163",,,10.1007/s10584-017-2035-8,"https://www.scopus.com/inward/record.uri?eid=2-s2.0-85026904476&doi=10.1007%2fs10584-017-2035-8&partnerID=40&md5=21ccf07aabcd72ec7504bbc1c4dc3d61",Article,Scopus,2-s2.0-85026904476
"Favero, A., Mendelsohn, R., Sohngen, B.","Using forests for climate mitigation: sequester carbon or produce woody biomass?",2017,"Climatic Change","144","2",,"195","206",,,10.1007/s10584-017-2034-9,"https://www.scopus.com/inward/record.uri?eid=2-s2.0-85026497772&doi=10.1007%2fs10584-017-2034-9&partnerID=40&md5=273c45a9626e679ef99200224a80cdc8",Article,Scopus,2-s2.0-85026497772
"Selosse, S., Ricci, O.","Carbon capture and storage: Lessons from a storage potential and localization analysis",2017,"Applied Energy","188",,,"32","44",,4,10.1016/j.apenergy.2016.11.117,"https://www.scopus.com/inward/record.uri?eid=2-s2.0-85003467500&doi=10.1016%2fj.apenergy.2016.11.117&partnerID=40&md5=420aefb729d9131dd71dc0ee44fae6f3",Article,Scopus,2-s2.0-85003467500
"Fujimori, S., Hasegawa, T., Masui, T., Takahashi, K., Herran, D.S., Dai, H., Hijioka, Y., Kainuma, M.","SSP3: AIM implementation of Shared Socioeconomic Pathways",2017,"Global Environmental Change","42",,,"268","283",,14,10.1016/j.gloenvcha.2016.06.009,"https://www.scopus.com/inward/record.uri?eid=2-s2.0-85004130326&doi=10.1016%2fj.gloenvcha.2016.06.009&partnerID=40&md5=95f20e207375ce8027661002b80f1d6d",Article,Scopus,2-s2.0-85004130326
"Calvin, K., Bond-Lamberty, B., Clarke, L., Edmonds, J., Eom, J., Hartin, C., Kim, S., Kyle, P., Link, R., Moss, R., McJeon, H., Patel, P., Smith, S., Waldhoff, S., Wise, M.","The SSP4: A world of deepening inequality",2017,"Global Environmental Change","42",,,"284","296",,10,10.1016/j.gloenvcha.2016.06.010,"https://www.scopus.com/inward/record.uri?eid=2-s2.0-84979681457&doi=10.1016%2fj.gloenvcha.2016.06.010&partnerID=40&md5=953ac8d7b968776a4687f05c3b1ac3e1",Article,Scopus,2-s2.0-84979681457
"Bauer, N., Calvin, K., Emmerling, J., Fricko, O., Fujimori, S., Hilaire, J., Eom, J., Krey, V., Kriegler, E., Mouratiadou, I., Sytze de Boer, H., van den Berg, M., Carrara, S., Daioglou, V., Drouet, L., Edmonds, J.E., Gernaat, D., Havlik, P., Johnson, N., Klein, D., Kyle, P., Marangoni, G., Masui, T., Pietzcker, R.C., Strubegger, M., Wise, M., Riahi, K., van Vuuren, D.P.","Shared Socio-Economic Pathways of the Energy Sector – Quantifying the Narratives",2017,"Global Environmental Change","42",,,"316","330",,9,10.1016/j.gloenvcha.2016.07.006,"https://www.scopus.com/inward/record.uri?eid=2-s2.0-84990019816&doi=10.1016%2fj.gloenvcha.2016.07.006&partnerID=40&md5=b68285613977f9f82e1318e2bea6d911",Article,Scopus,2-s2.0-84990019816
"Kriegler, E., Bauer, N., Popp, A., Humpenöder, F., Leimbach, M., Strefler, J., Baumstark, L., Bodirsky, B.L., Hilaire, J., Klein, D., Mouratiadou, I., Weindl, I., Bertram, C., Dietrich, J.-P., Luderer, G., Pehl, M., Pietzcker, R., Piontek, F., Lotze-Campen, H., Biewald, A., Bonsch, M., Giannousakis, A., Kreidenweis, U., Müller, C., Rolinski, S., Schultes, A., Schwanitz, J., Stevanovic, M., Calvin, K., Emmerling, J., Fujimori, S., Edenhofer, O.","Fossil-fueled development (SSP5): An energy and resource intensive scenario for the 21st century",2017,"Global Environmental Change","42",,,"297","315",,9,10.1016/j.gloenvcha.2016.05.015,"https://www.scopus.com/inward/record.uri?eid=2-s2.0-84995917657&doi=10.1016%2fj.gloenvcha.2016.05.015&partnerID=40&md5=f3d7cce5029003645b166767ba458ca0",Article,Scopus,2-s2.0-84995917657
"Fujimori, S., Su, X., Liu, J.-Y., Hasegawa, T., Takahashi, K., Masui, T., Takimi, M.","Implication of Paris Agreement in the context of long-term climate mitigation goals",2016,"SpringerPlus","5","1", 1620,"","",,3,10.1186/s40064-016-3235-9,"https://www.scopus.com/inward/record.uri?eid=2-s2.0-84988353473&doi=10.1186%2fs40064-016-3235-9&partnerID=40&md5=649e6de40f78bb7dfed5f797bb6d68b8",Article,Scopus,2-s2.0-84988353473
"Vaughan, N.E., Gough, C.","Expert assessment concludes negative emissions scenarios may not deliver",2016,"Environmental Research Letters","11","9", 095003,"","",,2,10.1088/1748-9326/11/9/095003,"https://www.scopus.com/inward/record.uri?eid=2-s2.0-84992084037&doi=10.1088%2f1748-9326%2f11%2f9%2f095003&partnerID=40&md5=dae13bb9fdf67374074d049a3d5a9365",Article,Scopus,2-s2.0-84992084037
"Muratori, M., Calvin, K., Wise, M., Kyle, P., Edmonds, J.","Global economic consequences of deploying bioenergy with carbon capture and storage (BECCS)",2016,"Environmental Research Letters","11","9", 095004,"","",,7,10.1088/1748-9326/11/9/095004,"https://www.scopus.com/inward/record.uri?eid=2-s2.0-84992075170&doi=10.1088%2f1748-9326%2f11%2f9%2f095004&partnerID=40&md5=afb749b5c4a0ff524b60e861b4b6559d",Article,Scopus,2-s2.0-84992075170
"Kreidenweis, U., Humpenöder, F., Stevanović, M., Bodirsky, B.L., Kriegler, E., Lotze-Campen, H., Popp, A.","Afforestation to mitigate climate change: Impacts on food prices under consideration of albedo effects",2016,"Environmental Research Letters","11","8", 085001,"","",,5,10.1088/1748-9326/11/8/085001,"https://www.scopus.com/inward/record.uri?eid=2-s2.0-84985896434&doi=10.1088%2f1748-9326%2f11%2f8%2f085001&partnerID=40&md5=392f28cd3ac0415bd89e45dc00e8ab7e",Article,Scopus,2-s2.0-84985896434
"Bauer, N., Mouratiadou, I., Luderer, G., Baumstark, L., Brecha, R.J., Edenhofer, O., Kriegler, E.","Global fossil energy markets and climate change mitigation – an analysis with REMIND",2016,"Climatic Change","136","1",,"69","82",,15,10.1007/s10584-013-0901-6,"https://www.scopus.com/inward/record.uri?eid=2-s2.0-84885487916&doi=10.1007%2fs10584-013-0901-6&partnerID=40&md5=96260a319877fb0846c76808bb7a9754",Article,Scopus,2-s2.0-84885487916
"Du Pont, Y.R., Jeffery, M.L., Gütschow, J., Christoff, P., Meinshausen, M.","National contributions for decarbonizing the world economy in line with the G7 agreement",2016,"Environmental Research Letters","11","5", 054005,"","",,3,10.1088/1748-9326/11/5/054005,"https://www.scopus.com/inward/record.uri?eid=2-s2.0-84973351695&doi=10.1088%2f1748-9326%2f11%2f5%2f054005&partnerID=40&md5=bb37d591a8ac5c79116eddfee8cd0a56",Article,Scopus,2-s2.0-84973351695
"Leibowicz, B.D., Krey, V., Grubler, A.","Representing spatial technology diffusion in an energy system optimization model",2016,"Technological Forecasting and Social Change","103",,,"350","363",,5,10.1016/j.techfore.2015.06.001,"https://www.scopus.com/inward/record.uri?eid=2-s2.0-84930923395&doi=10.1016%2fj.techfore.2015.06.001&partnerID=40&md5=725966fd4257039eb3aa485ab3e3d4c7",Note,Scopus,2-s2.0-84930923395
"Rogelj, J., Luderer, G., Pietzcker, R.C., Kriegler, E., Schaeffer, M., Krey, V., Riahi, K.","Energy system transformations for limiting end-of-century warming to below 1.5 °C",2015,"Nature Climate Change","5","6",,"519","527",,81,10.1038/nclimate2572,"https://www.scopus.com/inward/record.uri?eid=2-s2.0-84929791631&doi=10.1038%2fnclimate2572&partnerID=40&md5=96908a849cfe2faec2c5ea3cd89bf834",Review,Scopus,2-s2.0-84929791631
"Bauer, N., Bosetti, V., Hamdi-Cherif, M., Kitous, A., McCollum, D., Méjean, A., Rao, S., Turton, H., Paroussos, L., Ashina, S., Calvin, K., Wada, K., van Vuuren, D.","CO<inf>2</inf> emission mitigation and fossil fuel markets: Dynamic and international aspects of climate policies",2015,"Technological Forecasting and Social Change","90","PA",,"243","256",,26,10.1016/j.techfore.2013.09.009,"https://www.scopus.com/inward/record.uri?eid=2-s2.0-84916892277&doi=10.1016%2fj.techfore.2013.09.009&partnerID=40&md5=c6a40b68f6df688c43391d6509d75638",Article,Scopus,2-s2.0-84916892277
"Daioglou, V., Wicke, B., Faaij, A.P.C., van Vuuren, D.P.","Competing uses of biomass for energy and chemicals: Implications for long-term global CO<inf>2</inf> mitigation potential",2015,"GCB Bioenergy","7","6",,"1321","1334",,5,10.1111/gcbb.12228,"https://www.scopus.com/inward/record.uri?eid=2-s2.0-84943664391&doi=10.1111%2fgcbb.12228&partnerID=40&md5=bc9d08d6d993d255481fb40a4118bbbb",Article,Scopus,2-s2.0-84943664391
"Riahi, K., Kriegler, E., Johnson, N., Bertram, C., den Elzen, M., Eom, J., Schaeffer, M., Edmonds, J., Isaac, M., Krey, V., Longden, T., Luderer, G., Méjean, A., McCollum, D.L., Mima, S., Turton, H., van Vuuren, D.P., Wada, K., Bosetti, V., Capros, P., Criqui, P., Hamdi-Cherif, M., Kainuma, M., Edenhofer, O.","Locked into Copenhagen pledges - Implications of short-term emission targets for the cost and feasibility of long-term climate goals",2015,"Technological Forecasting and Social Change","90","PA",,"8","23",,73,10.1016/j.techfore.2013.09.016,"https://www.scopus.com/inward/record.uri?eid=2-s2.0-84916923549&doi=10.1016%2fj.techfore.2013.09.016&partnerID=40&md5=e67acc8b2c0c0e400a91a5e54a06a114",Article,Scopus,2-s2.0-84916923549
"Bertram, C., Johnson, N., Luderer, G., Riahi, K., Isaac, M., Eom, J.","Carbon lock-in through capital stock inertia associated with weak near-term climate policies",2015,"Technological Forecasting and Social Change","90","PA",,"62","72",,29,10.1016/j.techfore.2013.10.001,"https://www.scopus.com/inward/record.uri?eid=2-s2.0-84916881548&doi=10.1016%2fj.techfore.2013.10.001&partnerID=40&md5=d1f9372a829cf84f2af100883bf35df9",Article,Scopus,2-s2.0-84916881548
"Bosetti, V., Marangoni, G., Borgonovo, E., Diaz Anadon, L., Barron, R., McJeon, H.C., Politis, S., Friley, P.","Sensitivity to energy technology costs: A multi-model comparison analysis",2015,"Energy Policy","80",,,"244","263",,16,10.1016/j.enpol.2014.12.012,"https://www.scopus.com/inward/record.uri?eid=2-s2.0-84924291422&doi=10.1016%2fj.enpol.2014.12.012&partnerID=40&md5=5c044dc72652b99c31cac95178e586ff",Article,Scopus,2-s2.0-84924291422
"Kriegler, E., Riahi, K., Bosetti, V., Capros, P., Petermann, N., van Vuuren, D.P., Weyant, J.P., Edenhofer, O.","Introduction to the AMPERE model intercomparison studies on the economics of climate stabilization",2015,"Technological Forecasting and Social Change","90","PA",,"1","7",,6,10.1016/j.techfore.2014.10.012,"https://www.scopus.com/inward/record.uri?eid=2-s2.0-84917709384&doi=10.1016%2fj.techfore.2014.10.012&partnerID=40&md5=dfc50b685ae2f7532b6f552060f22107",Editorial,Scopus,2-s2.0-84917709384
"Schaeffer, M., Gohar, L., Kriegler, E., Lowe, J., Riahi, K., van Vuuren, D.","Mid- and long-term climate projections for fragmented and delayed-action scenarios",2015,"Technological Forecasting and Social Change","90","PA",,"257","268",,18,10.1016/j.techfore.2013.09.013,"https://www.scopus.com/inward/record.uri?eid=2-s2.0-84916930829&doi=10.1016%2fj.techfore.2013.09.013&partnerID=40&md5=f4e4ef8d3fc73d51e62b2f0cd1574bea",Article,Scopus,2-s2.0-84916930829
"Kriegler, E., Petermann, N., Krey, V., Schwanitz, V.J., Luderer, G., Ashina, S., Bosetti, V., Eom, J., Kitous, A., Méjean, A., Paroussos, L., Sano, F., Turton, H., Wilson, C., Van Vuuren, D.P.","Diagnostic indicators for integrated assessment models of climate policy",2015,"Technological Forecasting and Social Change","90","PA",,"45","61",,28,10.1016/j.techfore.2013.09.020,"https://www.scopus.com/inward/record.uri?eid=2-s2.0-84916896405&doi=10.1016%2fj.techfore.2013.09.020&partnerID=40&md5=5ac1105ddf4a57b44b2512ae0ab154f4",Article,Scopus,2-s2.0-84916896405
"Eom, J., Edmonds, J., Krey, V., Johnson, N., Longden, T., Luderer, G., Riahi, K., Van Vuuren, D.P.","The impact of near-term climate policy choices on technology and emission transition pathways",2015,"Technological Forecasting and Social Change","90","PA",,"73","88",,26,10.1016/j.techfore.2013.09.017,"https://www.scopus.com/inward/record.uri?eid=2-s2.0-84916895286&doi=10.1016%2fj.techfore.2013.09.017&partnerID=40&md5=36c1047d84ca55fe5dc0e0799e83fa98",Article,Scopus,2-s2.0-84916895286
"Kriegler, E., Riahi, K., Bauer, N., Schwanitz, V.J., Petermann, N., Bosetti, V., Marcucci, A., Otto, S., Paroussos, L., Rao, S., Arroyo Currás, T., Ashina, S., Bollen, J., Eom, J., Hamdi-Cherif, M., Longden, T., Kitous, A., Méjean, A., Sano, F., Schaeffer, M., Wada, K., Capros, P., P. van Vuuren, D., Edenhofer, O.","Making or breaking climate targets: The AMPERE study on staged accession scenarios for climate policy",2015,"Technological Forecasting and Social Change","90","PA",,"24","44",,58,10.1016/j.techfore.2013.09.021,"https://www.scopus.com/inward/record.uri?eid=2-s2.0-84916891763&doi=10.1016%2fj.techfore.2013.09.021&partnerID=40&md5=43e53ddbbf29991950d6119c5c035d77",Article,Scopus,2-s2.0-84916891763
"Iyer, G., Hultman, N., Eom, J., McJeon, H., Patel, P., Clarke, L.","Diffusion of low-carbon technologies and the feasibility of long-term climate targets",2015,"Technological Forecasting and Social Change","90","PA",,"103","118",,24,10.1016/j.techfore.2013.08.025,"https://www.scopus.com/inward/record.uri?eid=2-s2.0-84916887569&doi=10.1016%2fj.techfore.2013.08.025&partnerID=40&md5=17234104495bb876fb6a0b776fc929b8",Article,Scopus,2-s2.0-84916887569
"Otto, S.A.C., Gernaat, D.E.H.J., Isaac, M., Lucas, P.L., van Sluisveld, M.A.E., van den Berg, M., van Vliet, J., van Vuuren, D.P.","Impact of fragmented emission reduction regimes on the energy market and on CO<inf>2</inf> emissions related to land use: A case study with China and the European Union as first movers",2015,"Technological Forecasting and Social Change","90","PA",,"220","229",,10,10.1016/j.techfore.2014.01.015,"https://www.scopus.com/inward/record.uri?eid=2-s2.0-84916933924&doi=10.1016%2fj.techfore.2014.01.015&partnerID=40&md5=3c4af3610394b3e12e0073d355964156",Article,Scopus,2-s2.0-84916933924
"Selosse, S., Ricci, O.","Achieving negative emissions with BECCS (bioenergy with carbon capture and storage) in the power sector: New insights from the TIAM-FR (TIMES Integrated Assessment Model France) model",2014,"Energy","76",,,"967","975",,6,10.1016/j.energy.2014.09.014,"https://www.scopus.com/inward/record.uri?eid=2-s2.0-84908481168&doi=10.1016%2fj.energy.2014.09.014&partnerID=40&md5=4bb2ca45f2e4f065b7a232162a4a43fc",Article,Scopus,2-s2.0-84908481168
"Humpenöder, F., Popp, A., Dietrich, J.P., Klein, D., Lotze-Campen, H., Bonsch, M., Bodirsky, B.L., Weindl, I., Stevanovic, M., Müller, C.","Investigating afforestation and bioenergy CCS as climate change mitigation strategies",2014,"Environmental Research Letters","9","6", 064029,"","",,32,10.1088/1748-9326/9/6/064029,"https://www.scopus.com/inward/record.uri?eid=2-s2.0-84903648130&doi=10.1088%2f1748-9326%2f9%2f6%2f064029&partnerID=40&md5=32539c043f7daf45bcefb9d8ef890beb",Article,Scopus,2-s2.0-84903648130
"Luderer, G., Krey, V., Calvin, K., Merrick, J., Mima, S., Pietzcker, R., Van Vliet, J., Wada, K.","The role of renewable energy in climate stabilization: Results from the EMF27 scenarios",2014,"Climatic Change","123","3-4",,"427","441",,45,10.1007/s10584-013-0924-z,"https://www.scopus.com/inward/record.uri?eid=2-s2.0-84898426767&doi=10.1007%2fs10584-013-0924-z&partnerID=40&md5=dac2e076057ebd0cc2d7da28c674c9c8",Article,Scopus,2-s2.0-84898426767
"Kriegler, E., Weyant, J.P., Blanford, G.J., Krey, V., Clarke, L., Edmonds, J., Fawcett, A., Luderer, G., Riahi, K., Richels, R., Rose, S.K., Tavoni, M., van Vuuren, D.P.","The role of technology for achieving climate policy objectives: Overview of the EMF 27 study on global technology and climate policy strategies",2014,"Climatic Change","123","3-4",,"353","367",,113,10.1007/s10584-013-0953-7,"https://www.scopus.com/inward/record.uri?eid=2-s2.0-84898548471&doi=10.1007%2fs10584-013-0953-7&partnerID=40&md5=972e0ed9f2aa0a3298ab42cfd97f04c4",Article,Scopus,2-s2.0-84898548471
"Kanudia, A., Labriet, M., Loulou, R.","Effectiveness and efficiency of climate change mitigation in a technologically uncertain World",2014,"Climatic Change","123","3-4",,"543","558",,9,10.1007/s10584-013-0854-9,"https://www.scopus.com/inward/record.uri?eid=2-s2.0-84898538287&doi=10.1007%2fs10584-013-0854-9&partnerID=40&md5=8ae619c3f2771466f7d19ccb864a0ce9",Article,Scopus,2-s2.0-84898538287
"Blanford, G., Merrick, J., Richels, R., Rose, S.","Trade-offs between mitigation costs and temperature change",2014,"Climatic Change","123","3-4",,"527","541",,7,10.1007/s10584-013-0869-2,"https://www.scopus.com/inward/record.uri?eid=2-s2.0-84898546571&doi=10.1007%2fs10584-013-0869-2&partnerID=40&md5=e9b56013edf5cd8e560104dd62d31f48",Article,Scopus,2-s2.0-84898546571
"Blanford, G.J., Kriegler, E., Tavoni, M.","Harmonization vs. fragmentation: Overview of climate policy scenarios in EMF27",2014,"Climatic Change","123","3-4",,"383","396",,19,10.1007/s10584-013-0951-9,"https://www.scopus.com/inward/record.uri?eid=2-s2.0-84898543746&doi=10.1007%2fs10584-013-0951-9&partnerID=40&md5=c68341408b555bdabbf6709101cc2315",Article,Scopus,2-s2.0-84898543746
"McCollum, D., Krey, V., Kolp, P., Nagai, Y., Riahi, K.","Transport electrification: A key element for energy system transformation and climate stabilization",2014,"Climatic Change","123","3-4",,"651","664",,19,10.1007/s10584-013-0969-z,"https://www.scopus.com/inward/record.uri?eid=2-s2.0-84898544354&doi=10.1007%2fs10584-013-0969-z&partnerID=40&md5=92ca55036cac7218da5ad4387fec1c6c",Article,Scopus,2-s2.0-84898544354
"Krey, V., Luderer, G., Clarke, L., Kriegler, E.","Getting from here to there - energy technology transformation pathways in the EMF27 scenarios",2014,"Climatic Change","123","3-4",,"369","382",,42,10.1007/s10584-013-0947-5,"https://www.scopus.com/inward/record.uri?eid=2-s2.0-84898545073&doi=10.1007%2fs10584-013-0947-5&partnerID=40&md5=bc2fe6a4ac6603a491392eb758b51db7",Article,Scopus,2-s2.0-84898545073
"Akashi, O., Hanaoka, T., Masui, T., Kainuma, M.","Halving global GHG emissions by 2050 without depending on nuclear and CCS",2014,"Climatic Change","123","3-4",,"611","622",,9,10.1007/s10584-013-0942-x,"https://www.scopus.com/inward/record.uri?eid=2-s2.0-84898416241&doi=10.1007%2fs10584-013-0942-x&partnerID=40&md5=cfa58211aa9fcdbea160d2a7207bff05",Article,Scopus,2-s2.0-84898416241
"Griffin, B., Buisson, P., Criqui, P., Mima, S.","White Knights: Will wind and solar come to the rescue of a looming capacity gap from nuclear phase-out or slow CCS start-up?",2014,"Climatic Change","123","3-4",,"623","635",,7,10.1007/s10584-013-0963-5,"https://www.scopus.com/inward/record.uri?eid=2-s2.0-84898436293&doi=10.1007%2fs10584-013-0963-5&partnerID=40&md5=1b3209403454dddc0700df4e9d4c0860",Article,Scopus,2-s2.0-84898436293
"Sands, R.D., Förster, H., Jones, C.A., Schumacher, K.","Bio-electricity and land use in the Future Agricultural Resources Model (FARM)",2014,"Climatic Change","123","3-4",,"719","730",,8,10.1007/s10584-013-0943-9,"https://www.scopus.com/inward/record.uri?eid=2-s2.0-84892834870&doi=10.1007%2fs10584-013-0943-9&partnerID=40&md5=a48369fd75fc0d5d86548ae52a222b56",Article,Scopus,2-s2.0-84892834870
"Bibas, R., Méjean, A.","Potential and limitations of bioenergy for low carbon transitions",2014,"Climatic Change","123","3-4",,"731","761",,4,10.1007/s10584-013-0962-6,"https://www.scopus.com/inward/record.uri?eid=2-s2.0-84898545717&doi=10.1007%2fs10584-013-0962-6&partnerID=40&md5=c7fb5a9dcb855cce58b137ed4155f723",Article,Scopus,2-s2.0-84898545717
"Klein, D., Luderer, G., Kriegler, E., Strefler, J., Bauer, N., Leimbach, M., Popp, A., Dietrich, J.P., Humpenöder, F., Lotze-Campen, H., Edenhofer, O.","The value of bioenergy in low stabilization scenarios: An assessment using REMIND-MAgPIE",2014,"Climatic Change","123","3-4",,"705","718",,23,10.1007/s10584-013-0940-z,"https://www.scopus.com/inward/record.uri?eid=2-s2.0-84898434603&doi=10.1007%2fs10584-013-0940-z&partnerID=40&md5=efc36f19b04b9b613d59d9ee7c174f91",Article,Scopus,2-s2.0-84898434603
"Koelbl, B.S., van den Broek, M.A., Faaij, A.P.C., van Vuuren, D.P.","Uncertainty in Carbon Capture and Storage (CCS) deployment projections: A cross-model comparison exercise",2014,"Climatic Change","123","3-4",,"461","476",,18,10.1007/s10584-013-1050-7,"https://www.scopus.com/inward/record.uri?eid=2-s2.0-84898540128&doi=10.1007%2fs10584-013-1050-7&partnerID=40&md5=89eade8e4a7e860a62b01da8137fc32a",Article,Scopus,2-s2.0-84898540128
"Rose, S.K., Richels, R., Smith, S., Riahi, K., Strefler, J., van Vuuren, D.P.","Non-Kyoto radiative forcing in long-run greenhouse gas emissions and climate change scenarios",2014,"Climatic Change","123","3-4",,"511","525",,7,10.1007/s10584-013-0955-5,"https://www.scopus.com/inward/record.uri?eid=2-s2.0-84898549764&doi=10.1007%2fs10584-013-0955-5&partnerID=40&md5=125f63749bfb744198cd29af4663c1ec",Article,Scopus,2-s2.0-84898549764
"van Vliet, J., Hof, A.F., Mendoza Beltran, A., van den Berg, M., Deetman, S., den Elzen, M.G.J., Lucas, P.L., van Vuuren, D.P.","The impact of technology availability on the timing and costs of emission reductions for achieving long-term climate targets",2014,"Climatic Change","123","3-4",,"559","569",,8,10.1007/s10584-013-0961-7,"https://www.scopus.com/inward/record.uri?eid=2-s2.0-84898485061&doi=10.1007%2fs10584-013-0961-7&partnerID=40&md5=787d0a1c7e095b35802474751e333578",Article,Scopus,2-s2.0-84898485061
"Rose, S.K., Kriegler, E., Bibas, R., Calvin, K., Popp, A., van Vuuren, D.P., Weyant, J.","Bioenergy in energy transformation and climate management",2014,"Climatic Change","123","3-4",,"477","493",,43,10.1007/s10584-013-0965-3,"https://www.scopus.com/inward/record.uri?eid=2-s2.0-84898545139&doi=10.1007%2fs10584-013-0965-3&partnerID=40&md5=b7bef87a0d7e90e8de02898b1299dcda",Article,Scopus,2-s2.0-84898545139
"Tavoni, M., Socolow, R.","Modeling meets science and technology: An introduction to a special issue on negative emissions",2013,"Climatic Change","118","1",,"1","14",,39,10.1007/s10584-013-0757-9,"https://www.scopus.com/inward/record.uri?eid=2-s2.0-84876142186&doi=10.1007%2fs10584-013-0757-9&partnerID=40&md5=c2ad2295c362d8dc1e45f7d34118b341",Article,Scopus,2-s2.0-84876142186
"Chen, C., Tavoni, M.","Direct air capture of CO<inf>2</inf> and climate stabilization: A model based assessment",2013,"Climatic Change","118","1",,"59","72",,12,10.1007/s10584-013-0714-7,"https://www.scopus.com/inward/record.uri?eid=2-s2.0-84876679497&doi=10.1007%2fs10584-013-0714-7&partnerID=40&md5=9b573c66cfed4cde9009f283d3611e38",Article,Scopus,2-s2.0-84876679497
"Kriegler, E., Edenhofer, O., Reuster, L., Luderer, G., Klein, D.","Is atmospheric carbon dioxide removal a game changer for climate change mitigation?",2013,"Climatic Change","118","1",,"45","57",,37,10.1007/s10584-012-0681-4,"https://www.scopus.com/inward/record.uri?eid=2-s2.0-84876680390&doi=10.1007%2fs10584-012-0681-4&partnerID=40&md5=d38fcce679494703a09960a771e50854",Article,Scopus,2-s2.0-84876680390
"van Vuuren, D.P., Deetman, S., van Vliet, J., van den Berg, M., van Ruijven, B.J., Koelbl, B.","The role of negative CO<inf>2</inf> emissions for reaching 2 °C-insights from integrated assessment modelling",2013,"Climatic Change","118","1",,"15","27",,44,10.1007/s10584-012-0680-5,"https://www.scopus.com/inward/record.uri?eid=2-s2.0-84876695082&doi=10.1007%2fs10584-012-0680-5&partnerID=40&md5=ac7ac2a6e4bf60ec53370b728c29de42",Article,Scopus,2-s2.0-84876695082
"Fuss, S., Reuter, W.H., Szolgayová, J., Obersteiner, M.","Optimal mitigation strategies with negative emission technologies and carbon sinks under uncertainty",2013,"Climatic Change","118","1",,"73","87",,10,10.1007/s10584-012-0676-1,"https://www.scopus.com/inward/record.uri?eid=2-s2.0-84876671772&doi=10.1007%2fs10584-012-0676-1&partnerID=40&md5=8f1036696fd4e3e95caef532c41abe5b",Article,Scopus,2-s2.0-84876671772
"Edmonds, J., Luckow, P., Calvin, K., Wise, M., Dooley, J., Kyle, P., Kim, S.H., Patel, P., Clarke, L.","Can radiative forcing be limited to 2.6 Wm-2 without negative emissions from bioenergy AND CO<inf>2</inf> capture and storage?",2013,"Climatic Change","118","1",,"29","43",,24,10.1007/s10584-012-0678-z,"https://www.scopus.com/inward/record.uri?eid=2-s2.0-84876664685&doi=10.1007%2fs10584-012-0678-z&partnerID=40&md5=63563d88705303f82ec683c1e006d54b",Article,Scopus,2-s2.0-84876664685
"Azar, C., Johansson, D.J.A., Mattsson, N.","Meeting global temperature targets - The role of bioenergy with carbon capture and storage",2013,"Environmental Research Letters","8","3", 034004,"","",,35,10.1088/1748-9326/8/3/034004,"https://www.scopus.com/inward/record.uri?eid=2-s2.0-84885643388&doi=10.1088%2f1748-9326%2f8%2f3%2f034004&partnerID=40&md5=43fdf8161c3d239ea9b56e7abb9e45a6",Article,Scopus,2-s2.0-84885643388
"Lemoine, D.M., Fuss, S., Szolgayova, J., Obersteiner, M., Kammen, D.M.","The influence of negative emission technologies and technology policies on the optimal climate mitigation portfolio",2012,"Climatic Change","113","2",,"141","162",,10,10.1007/s10584-011-0269-4,"https://www.scopus.com/inward/record.uri?eid=2-s2.0-84862140190&doi=10.1007%2fs10584-011-0269-4&partnerID=40&md5=012bbcd32b369111dd95fffb8d1e306f",Article,Scopus,2-s2.0-84862140190
"Ricci, O.","Providing adequate economic incentives for bioenergies with CO <inf>2</inf> capture and geological storage",2012,"Energy Policy","44",,,"362","373",,15,10.1016/j.enpol.2012.01.066,"https://www.scopus.com/inward/record.uri?eid=2-s2.0-84858294147&doi=10.1016%2fj.enpol.2012.01.066&partnerID=40&md5=a279004a388dd3249063348388618130",Article,Scopus,2-s2.0-84858294147
"Klein, D., Bauer, N., Bodirsky, B., Dietrich, J.P., Popp, A.","Bio-IGCC with CCS as a long-term mitigation option in a coupled energy-system and land-use model",2011,"Energy Procedia","4",,,"2933","2940",,17,10.1016/j.egypro.2011.02.201,"https://www.scopus.com/inward/record.uri?eid=2-s2.0-79955373799&doi=10.1016%2fj.egypro.2011.02.201&partnerID=40&md5=4ddea56c54ec5451f74deaec8d603c74",Conference Paper,Scopus,2-s2.0-79955373799
"Luckow, P., Wise, M.A., Dooley, J.J., Kim, S.H.","Large-scale utilization of biomass energy and carbon dioxide capture and storage in the transport and electricity sectors under stringent CO<inf>2</inf> concentration limit scenarios",2010,"International Journal of Greenhouse Gas Control","4","5",,"865","877",,61,10.1016/j.ijggc.2010.06.002,"https://www.scopus.com/inward/record.uri?eid=2-s2.0-77955419367&doi=10.1016%2fj.ijggc.2010.06.002&partnerID=40&md5=bd2477aba7937d409327ac79dc48d15e",Article,Scopus,2-s2.0-77955419367
"Azar, C., Lindgren, K., Obersteiner, M., Riahi, K., van Vuuren, D.P., den Elzen, K.M.G.J., Möllersten, K., Larson, E.D.","The feasibility of low CO<inf>2</inf> concentration targets and the role of bio-energy with carbon capture and storage (BECCS)",2010,"Climatic Change","100","1",,"195","202",,112,10.1007/s10584-010-9832-7,"https://www.scopus.com/inward/record.uri?eid=2-s2.0-77952603941&doi=10.1007%2fs10584-010-9832-7&partnerID=40&md5=6516f9ac52f0cea583bbed9ba6efd1c8",Article,Scopus,2-s2.0-77952603941
"Fawcett, A.A., Calvin, K.V., de la Chesnaye, F.C., Reilly, J.M., Weyant, J.P.","Overview of EMF 22 U.S. transition scenarios",2009,"Energy Economics","31","SUPPL. 2",,"S198","S211",,36,10.1016/j.eneco.2009.10.015,"https://www.scopus.com/inward/record.uri?eid=2-s2.0-70649095270&doi=10.1016%2fj.eneco.2009.10.015&partnerID=40&md5=4f848572e6a9e8ecda33d5211b0f974a",Article,Scopus,2-s2.0-70649095270
"Clarke, L., Edmonds, J., Krey, V., Richels, R., Rose, S., Tavoni, M.","International climate policy architectures: Overview of the EMF 22 International Scenarios",2009,"Energy Economics","31","SUPPL. 2",,"S64","S81",,281,10.1016/j.eneco.2009.10.013,"https://www.scopus.com/inward/record.uri?eid=2-s2.0-70350719388&doi=10.1016%2fj.eneco.2009.10.013&partnerID=40&md5=9b07ea37e037261242ebe09d7f33d0b2",Article,Scopus,2-s2.0-70350719388
"Krey, V., Riahi, K.","Implications of delayed participation and technology failure for the feasibility, costs, and likelihood of staying below temperature targets-Greenhouse gas mitigation scenarios for the 21st century",2009,"Energy Economics","31","SUPPL. 2",,"S94","S106",,49,10.1016/j.eneco.2009.07.001,"https://www.scopus.com/inward/record.uri?eid=2-s2.0-70749126786&doi=10.1016%2fj.eneco.2009.07.001&partnerID=40&md5=30d970d463747cefd78a1058cb16cd91",Article,Scopus,2-s2.0-70749126786
"van Vliet, J., den Elzen, M.G.J., van Vuuren, D.P.","Meeting radiative forcing targets under delayed participation",2009,"Energy Economics","31","SUPPL. 2",,"S152","S162",,37,10.1016/j.eneco.2009.06.010,"https://www.scopus.com/inward/record.uri?eid=2-s2.0-70749151959&doi=10.1016%2fj.eneco.2009.06.010&partnerID=40&md5=0aacde25876f459b2465aad239432fef",Article,Scopus,2-s2.0-70749151959
"Calvin, K., Patel, P., Fawcett, A., Clarke, L., Fisher-Vanden, K., Edmonds, J., Kim, S.H., Sands, R., Wise, M.","The distribution and magnitude of emissions mitigation costs in climate stabilization under less than perfect international cooperation: SGM results",2009,"Energy Economics","31","SUPPL. 2",,"S187","S197",,34,10.1016/j.eneco.2009.06.014,"https://www.scopus.com/inward/record.uri?eid=2-s2.0-70749148583&doi=10.1016%2fj.eneco.2009.06.014&partnerID=40&md5=8fe38e9b4bc8c9d4869f8966e9d8e010",Article,Scopus,2-s2.0-70749148583
"Calvin, K., Edmonds, J., Bond-Lamberty, B., Clarke, L., Kim, S.H., Kyle, P., Smith, S.J., Thomson, A., Wise, M.","2.6: Limiting climate change to 450 ppm CO<inf>2</inf> equivalent in the 21st century",2009,"Energy Economics","31","SUPPL. 2",,"S107","S120",,72,10.1016/j.eneco.2009.06.006,"https://www.scopus.com/inward/record.uri?eid=2-s2.0-70749105333&doi=10.1016%2fj.eneco.2009.06.006&partnerID=40&md5=658bb19c701cb1844454f0625bb5895c",Article,Scopus,2-s2.0-70749105333
"Loulou, R., Labriet, M., Kanudia, A.","Deterministic and stochastic analysis of alternative climate targets under differentiated cooperation regimes",2009,"Energy Economics","31","SUPPL. 2",,"S131","S143",,47,10.1016/j.eneco.2009.06.012,"https://www.scopus.com/inward/record.uri?eid=2-s2.0-70749127209&doi=10.1016%2fj.eneco.2009.06.012&partnerID=40&md5=21618353afae87364453441a169209af",Article,Scopus,2-s2.0-70749127209
"Bosetti, V., Carraro, C., Tavoni, M.","Climate change mitigation strategies in fast-growing countries: The benefits of early action",2009,"Energy Economics","31","SUPPL. 2",,"S144","S151",,49,10.1016/j.eneco.2009.06.011,"https://www.scopus.com/inward/record.uri?eid=2-s2.0-70350721833&doi=10.1016%2fj.eneco.2009.06.011&partnerID=40&md5=adb97a14ab356463fa4630a0e1d7516a",Article,Scopus,2-s2.0-70350721833
"Van Vuuren, D.P., Den Elzen, M.G.J., Lucas, P.L., Eickhout, B., Strengers, B.J., Van Ruijven, B., Wonink, S., Van Houdt, R.","Stabilizing greenhouse gas concentrations at low levels: An assessment of reduction strategies and costs",2007,"Climatic Change","81","2",,"119","159",,338,10.1007/s10584-006-9172-9,"https://www.scopus.com/inward/record.uri?eid=2-s2.0-33847394962&doi=10.1007%2fs10584-006-9172-9&partnerID=40&md5=b95acf583c5d6bdeb65147ab019c7518",Article,Scopus,2-s2.0-33847394962
